Workbook

Sheet print
A2: Срок доставки груза | B2: =IF(calc!B2,calc!B2,TODAY()) -> 45148
A5: Накладная на внутреннее перемещение | C5: № | D5: =calc!B4 -> 0
A7: Грузоотправитель | B7: Общество с ограниченной ответственностью "Регион Трейд", ИНН 5406973659, 630008, Новосибирская обл, городской округ город Новосибирск, Сакко и Ванцетти ул, дом № 77, квартира 705, тел.: 8(383) 255-05-13
A9: Пункт разгрузки | B9: =calc!B3 -> 0
A11: № резервуара | B11: Наименование продукции, товара (груза), ТУ, марка, размер, сорт | C11: Количество литров, л. | D11: Плотность, г/см3 | E11: Температура, C | F11: Масса, кг.
A12: 1 | B12: =calc!E3 -> 0 | C12: =calc!F3 -> 0 | D12: =calc!H3 -> 0 | E12: =calc!G3 -> 0 | F12: =C12*D12 -> 0
A13: 2 | B13: =calc!E4 -> 0 | C13: =calc!F4 -> 0 | D13: =calc!H4 -> 0 | E13: =calc!G4 -> 0 | F13: =C13*D13 -> 0
A14: 3 | B14: =calc!E5 -> 0 | C14: =calc!F5 -> 0 | D14: =calc!H5 -> 0 | E14: =calc!G5 -> 0 | F14: =C14*D14 -> 0
A15: 4 | B15: =calc!E6 -> 0 | C15: =calc!F6 -> 0 | D15: =calc!H6 -> 0 | E15: =calc!G6 -> 0 | F15: =C15*D15 -> 0
A16: 5 | B16: =calc!E7 -> 0 | C16: =calc!F7 -> 0 | D16: =calc!H7 -> 0 | E16: =calc!G7 -> 0 | F16: =C16*D16 -> 0
A19: Автомобиль | B19: =calc!B6 -> 0
A20: Государственный номерной знак | B20: =calc!B7 -> 0
A21: Водитель | B21: =calc!B5 -> 0
C23: Груз получил грузополучатель

Sheet calc
A2: Дата | E2: Топливо | F2: Объём | G2: Температура | H2: Плотность
A3: Направление | D3: Секция 1
A4: Номер ТТН | D4: Секция 2
A5: Водитель | D5: Секция 3
A6: Автомобиль | D6: Секция 4
A7: ГРЗ | D7: Секция 5
